City_ID,City,Lat,Lng,Max Temp,Humidity,Cloudiness,Wind Speed,Country,Date
0,Amderma,-7.0032,111.3129,80.87,76,6,6.06,ID,2021-05-28 00:57:35
1,Ostrovskoye,-7.0032,111.3129,80.87,76,6,6.06,ID,2021-05-28 00:57:35
2,Bethel,-7.0032,111.3129,80.87,76,6,6.06,ID,2021-05-28 00:57:35
3,Barentsburg,-7.0032,111.3129,80.87,76,6,6.06,ID,2021-05-28 00:57:35
4,Avarua,-7.0032,111.3129,80.87,76,6,6.06,ID,2021-05-28 00:57:35
5,Sitka,-7.0032,111.3129,80.87,76,6,6.06,ID,2021-05-28 00:57:35
6,Vaini,-7.0032,111.3129,80.87,76,6,6.06,ID,2021-05-28 00:57:35
7,Esperance,-7.0032,111.3129,80.87,76,6,6.06,ID,2021-05-28 00:57:35
8,Kapaa,-7.0032,111.3129,80.87,76,6,6.06,ID,2021-05-28 00:57:35
9,Port Alfred,-7.0032,111.3129,80.87,76,6,6.06,ID,2021-05-28 00:57:35
10,Cape Town,-7.0032,111.3129,80.87,76,6,6.06,ID,2021-05-28 00:57:35
11,Upernavik,-7.0032,111.3129,80.87,76,6,6.06,ID,2021-05-28 00:57:35
12,Iqaluit,-7.0032,111.3129,80.87,76,6,6.06,ID,2021-05-28 00:57:35
13,Phan Thiet,-7.0032,111.3129,80.87,76,6,6.06,ID,2021-05-28 00:57:35
14,Butaritari,-7.0032,111.3129,80.87,76,6,6.06,ID,2021-05-28 00:57:35
15,Santiago,-7.0032,111.3129,80.87,76,6,6.06,ID,2021-05-28 00:57:35
16,Taolanaro,-7.0032,111.3129,80.87,76,6,6.06,ID,2021-05-28 00:57:35
17,Port Keats,-7.0032,111.3129,80.87,76,6,6.06,ID,2021-05-28 00:57:35
18,Illoqqortoormiut,-7.0032,111.3129,80.87,76,6,6.06,ID,2021-05-28 00:57:35
19,Beira,-7.0032,111.3129,80.87,76,6,6.06,ID,2021-05-28 00:57:35
20,Leningradskiy,-7.0032,111.3129,80.87,76,6,6.06,ID,2021-05-28 00:57:35
21,Ilulissat,-7.0032,111.3129,80.87,76,6,6.06,ID,2021-05-28 00:57:35
22,Punta Arenas,-7.0032,111.3129,80.87,76,6,6.06,ID,2021-05-28 00:57:35
23,Tumannyy,-7.0032,111.3129,80.87,76,6,6.06,ID,2021-05-28 00:57:35
24,Namibe,-7.0032,111.3129,80.87,76,6,6.06,ID,2021-05-28 00:57:35
25,Bredasdorp,-7.0032,111.3129,80.87,76,6,6.06,ID,2021-05-28 00:57:35
26,Yellowknife,-7.0032,111.3129,80.87,76,6,6.06,ID,2021-05-28 00:57:35
27,San Policarpo,-7.0032,111.3129,80.87,76,6,6.06,ID,2021-05-28 00:57:35
28,Rikitea,-7.0032,111.3129,80.87,76,6,6.06,ID,2021-05-28 00:57:35
29,Eldorado,-7.0032,111.3129,80.87,76,6,6.06,ID,2021-05-28 00:57:35
30,Arraial Do Cabo,-7.0032,111.3129,80.87,76,6,6.06,ID,2021-05-28 00:57:35
31,Rungata,-7.0032,111.3129,80.87,76,6,6.06,ID,2021-05-28 00:57:35
32,Puerto Ayora,-7.0032,111.3129,80.87,76,6,6.06,ID,2021-05-28 00:57:35
33,Ushuaia,-7.0032,111.3129,80.87,76,6,6.06,ID,2021-05-28 00:57:35
34,Isla Vista,-7.0032,111.3129,80.87,76,6,6.06,ID,2021-05-28 00:57:35
35,Odessa,-7.0032,111.3129,80.87,76,6,6.06,ID,2021-05-28 00:57:35
36,Sambava,-7.0032,111.3129,80.87,76,6,6.06,ID,2021-05-28 00:57:35
37,Chilliwack,-7.0032,111.3129,80.87,76,6,6.06,ID,2021-05-28 00:57:35
38,Japura,-7.0032,111.3129,80.87,76,6,6.06,ID,2021-05-28 00:57:35
39,South Sioux City,-7.0032,111.3129,80.87,76,6,6.06,ID,2021-05-28 00:57:35
40,Attawapiskat,-7.0032,111.3129,80.87,76,6,6.06,ID,2021-05-28 00:57:35
41,Baruun-Urt,-7.0032,111.3129,80.87,76,6,6.06,ID,2021-05-28 00:57:35
42,Hoquiam,-7.0032,111.3129,80.87,76,6,6.06,ID,2021-05-28 00:57:35
43,Yanam,-7.0032,111.3129,80.87,76,6,6.06,ID,2021-05-28 00:57:35
44,Alibag,-7.0032,111.3129,80.87,76,6,6.06,ID,2021-05-28 00:57:35
45,Aflu,-7.0032,111.3129,80.87,76,6,6.06,ID,2021-05-28 00:57:35
46,Fujin,-7.0032,111.3129,80.87,76,6,6.06,ID,2021-05-28 00:57:35
47,Dingle,-7.0032,111.3129,80.87,76,6,6.06,ID,2021-05-28 00:57:35
48,Lolua,-7.0032,111.3129,80.87,76,6,6.06,ID,2021-05-28 00:57:35
49,Cabo San Lucas,-7.0032,111.3129,80.87,76,6,6.06,ID,2021-05-28 00:57:35
50,Warqla,-7.0032,111.3129,80.87,76,6,6.06,ID,2021-05-28 00:57:35
51,Katsuura,-7.0032,111.3129,80.87,76,6,6.06,ID,2021-05-28 00:57:35
52,Ancud,-7.0032,111.3129,80.87,76,6,6.06,ID,2021-05-28 00:57:35
53,Gweta,-7.0032,111.3129,80.87,76,6,6.06,ID,2021-05-28 00:57:35
54,Albany,-7.0032,111.3129,80.87,76,6,6.06,ID,2021-05-28 00:57:35
55,Huesca,-7.0032,111.3129,80.87,76,6,6.06,ID,2021-05-28 00:57:35
56,Babanusah,-7.0032,111.3129,80.87,76,6,6.06,ID,2021-05-28 00:57:35
57,Nichinan,-7.0032,111.3129,80.87,76,6,6.06,ID,2021-05-28 00:57:35
58,Hasaki,-7.0032,111.3129,80.87,76,6,6.06,ID,2021-05-28 00:57:35
59,Matay,-7.0032,111.3129,80.87,76,6,6.06,ID,2021-05-28 00:57:35
60,Nicoya,-7.0032,111.3129,80.87,76,6,6.06,ID,2021-05-28 00:57:35
61,Bluff,-7.0032,111.3129,80.87,76,6,6.06,ID,2021-05-28 00:57:35
62,Hay River,-7.0032,111.3129,80.87,76,6,6.06,ID,2021-05-28 00:57:35
63,Luderitz,-7.0032,111.3129,80.87,76,6,6.06,ID,2021-05-28 00:57:35
64,Lebu,-7.0032,111.3129,80.87,76,6,6.06,ID,2021-05-28 00:57:35
65,Airai,-7.0032,111.3129,80.87,76,6,6.06,ID,2021-05-28 00:57:35
66,Krasnyy Yar,-7.0032,111.3129,80.87,76,6,6.06,ID,2021-05-28 00:57:35
67,Jamestown,-7.0032,111.3129,80.87,76,6,6.06,ID,2021-05-28 00:57:35
68,Pombas,-7.0032,111.3129,80.87,76,6,6.06,ID,2021-05-28 00:57:35
69,Barrow,-7.0032,111.3129,80.87,76,6,6.06,ID,2021-05-28 00:57:35
70,Castro,-7.0032,111.3129,80.87,76,6,6.06,ID,2021-05-28 00:57:35
71,Saint-Pierre,-7.0032,111.3129,80.87,76,6,6.06,ID,2021-05-28 00:57:35
72,Sao Filipe,-7.0032,111.3129,80.87,76,6,6.06,ID,2021-05-28 00:57:35
73,Atuona,-7.0032,111.3129,80.87,76,6,6.06,ID,2021-05-28 00:57:35
74,Yulara,-7.0032,111.3129,80.87,76,6,6.06,ID,2021-05-28 00:57:35
75,Hithadhoo,-7.0032,111.3129,80.87,76,6,6.06,ID,2021-05-28 00:57:35
76,Dikson,-7.0032,111.3129,80.87,76,6,6.06,ID,2021-05-28 00:57:35
77,Saint-Philippe,-7.0032,111.3129,80.87,76,6,6.06,ID,2021-05-28 00:57:35
78,Tabas,-7.0032,111.3129,80.87,76,6,6.06,ID,2021-05-28 00:57:35
79,Torata,-7.0032,111.3129,80.87,76,6,6.06,ID,2021-05-28 00:57:35
80,Faanui,-7.0032,111.3129,80.87,76,6,6.06,ID,2021-05-28 00:57:35
81,Avera,-7.0032,111.3129,80.87,76,6,6.06,ID,2021-05-28 00:57:35
82,Narsaq,-7.0032,111.3129,80.87,76,6,6.06,ID,2021-05-28 00:57:35
83,Santo Antonio Do Ica,-7.0032,111.3129,80.87,76,6,6.06,ID,2021-05-28 00:57:35
84,San Patricio,-7.0032,111.3129,80.87,76,6,6.06,ID,2021-05-28 00:57:35
85,Yumen,-7.0032,111.3129,80.87,76,6,6.06,ID,2021-05-28 00:57:35
86,Cherskiy,-7.0032,111.3129,80.87,76,6,6.06,ID,2021-05-28 00:57:35
87,Kabinda,-7.0032,111.3129,80.87,76,6,6.06,ID,2021-05-28 00:57:35
88,Paamiut,-7.0032,111.3129,80.87,76,6,6.06,ID,2021-05-28 00:57:35
89,Busselton,-7.0032,111.3129,80.87,76,6,6.06,ID,2021-05-28 00:57:35
90,Penzance,-7.0032,111.3129,80.87,76,6,6.06,ID,2021-05-28 00:57:35
91,Saldanha,-7.0032,111.3129,80.87,76,6,6.06,ID,2021-05-28 00:57:35
92,Hilo,-7.0032,111.3129,80.87,76,6,6.06,ID,2021-05-28 00:57:35
93,Snasa,-7.0032,111.3129,80.87,76,6,6.06,ID,2021-05-28 00:57:35
94,Moultrie,-7.0032,111.3129,80.87,76,6,6.06,ID,2021-05-28 00:57:35
95,Santa Rosa,-7.0032,111.3129,80.87,76,6,6.06,ID,2021-05-28 00:57:35
96,Qaqortoq,-7.0032,111.3129,80.87,76,6,6.06,ID,2021-05-28 00:57:35
97,Victoria,-7.0032,111.3129,80.87,76,6,6.06,ID,2021-05-28 00:57:35
98,Korla,-7.0032,111.3129,80.87,76,6,6.06,ID,2021-05-28 00:57:35
99,Klaksvik,-7.0032,111.3129,80.87,76,6,6.06,ID,2021-05-28 00:57:35
100,Ostrovnoy,-7.0032,111.3129,80.87,76,6,6.06,ID,2021-05-28 00:57:35
101,Barawe,-7.0032,111.3129,80.87,76,6,6.06,ID,2021-05-28 00:57:35
102,Qaanaaq,-7.0032,111.3129,80.87,76,6,6.06,ID,2021-05-28 00:57:35
103,Broome,-7.0032,111.3129,80.87,76,6,6.06,ID,2021-05-28 00:57:35
104,Khatanga,-7.0032,111.3129,80.87,76,6,6.06,ID,2021-05-28 00:57:35
105,Sasso Marconi,-7.0032,111.3129,80.87,76,6,6.06,ID,2021-05-28 00:57:35
106,Port Elizabeth,-7.0032,111.3129,80.87,76,6,6.06,ID,2021-05-28 00:57:35
107,Vangaindrano,-7.0032,111.3129,80.87,76,6,6.06,ID,2021-05-28 00:57:35
108,Longyearbyen,-7.0032,111.3129,80.87,76,6,6.06,ID,2021-05-28 00:57:35
109,Harrison,-7.0032,111.3129,80.87,76,6,6.06,ID,2021-05-28 00:57:35
110,Clyde River,-7.0032,111.3129,80.87,76,6,6.06,ID,2021-05-28 00:57:35
111,Vaitupu,-7.0032,111.3129,80.87,76,6,6.06,ID,2021-05-28 00:57:35
112,Galashki,-7.0032,111.3129,80.87,76,6,6.06,ID,2021-05-28 00:57:35
113,Norman Wells,-7.0032,111.3129,80.87,76,6,6.06,ID,2021-05-28 00:57:35
114,Kimbe,-7.0032,111.3129,80.87,76,6,6.06,ID,2021-05-28 00:57:35
115,Povenets,-7.0032,111.3129,80.87,76,6,6.06,ID,2021-05-28 00:57:35
116,Bubaque,-7.0032,111.3129,80.87,76,6,6.06,ID,2021-05-28 00:57:35
117,Bondo,-7.0032,111.3129,80.87,76,6,6.06,ID,2021-05-28 00:57:35
118,Mahebourg,-7.0032,111.3129,80.87,76,6,6.06,ID,2021-05-28 00:57:35
119,Mataura,-7.0032,111.3129,80.87,76,6,6.06,ID,2021-05-28 00:57:35
120,Kikwit,-7.0032,111.3129,80.87,76,6,6.06,ID,2021-05-28 00:57:35
121,Chuy,-7.0032,111.3129,80.87,76,6,6.06,ID,2021-05-28 00:57:35
122,Beloha,-7.0032,111.3129,80.87,76,6,6.06,ID,2021-05-28 00:57:35
123,Borogontsy,-7.0032,111.3129,80.87,76,6,6.06,ID,2021-05-28 00:57:35
124,Atar,-7.0032,111.3129,80.87,76,6,6.06,ID,2021-05-28 00:57:35
125,Tuktoyaktuk,-7.0032,111.3129,80.87,76,6,6.06,ID,2021-05-28 00:57:35
126,At-Bashi,-7.0032,111.3129,80.87,76,6,6.06,ID,2021-05-28 00:57:35
127,Kavieng,-7.0032,111.3129,80.87,76,6,6.06,ID,2021-05-28 00:57:35
128,Kenema,-7.0032,111.3129,80.87,76,6,6.06,ID,2021-05-28 00:57:35
129,Samarai,-7.0032,111.3129,80.87,76,6,6.06,ID,2021-05-28 00:57:35
130,Constitucion,-7.0032,111.3129,80.87,76,6,6.06,ID,2021-05-28 00:57:35
131,Agarak,-7.0032,111.3129,80.87,76,6,6.06,ID,2021-05-28 00:57:35
132,Naron,-7.0032,111.3129,80.87,76,6,6.06,ID,2021-05-28 00:57:35
133,Tupik,-7.0032,111.3129,80.87,76,6,6.06,ID,2021-05-28 00:57:35
134,Chokurdakh,-7.0032,111.3129,80.87,76,6,6.06,ID,2021-05-28 00:57:35
135,Pevek,-7.0032,111.3129,80.87,76,6,6.06,ID,2021-05-28 00:57:35
136,Tasiilaq,-7.0032,111.3129,80.87,76,6,6.06,ID,2021-05-28 00:57:35
137,Newport,-7.0032,111.3129,80.87,76,6,6.06,ID,2021-05-28 00:57:35
138,Georgetown,-7.0032,111.3129,80.87,76,6,6.06,ID,2021-05-28 00:57:35
139,Samusu,-7.0032,111.3129,80.87,76,6,6.06,ID,2021-05-28 00:57:35
140,Homer,-7.0032,111.3129,80.87,76,6,6.06,ID,2021-05-28 00:57:35
141,Zhigansk,-7.0032,111.3129,80.87,76,6,6.06,ID,2021-05-28 00:57:35
142,Rio Grande,-7.0032,111.3129,80.87,76,6,6.06,ID,2021-05-28 00:57:35
143,Santa Cruz De Tenerife,-7.0032,111.3129,80.87,76,6,6.06,ID,2021-05-28 00:57:35
144,Hobart,-7.0032,111.3129,80.87,76,6,6.06,ID,2021-05-28 00:57:35
145,Asau,-7.0032,111.3129,80.87,76,6,6.06,ID,2021-05-28 00:57:35
146,East London,-7.0032,111.3129,80.87,76,6,6.06,ID,2021-05-28 00:57:35
147,Presidencia Roque Saenz Pena,-7.0032,111.3129,80.87,76,6,6.06,ID,2021-05-28 00:57:35
148,Carnarvon,-7.0032,111.3129,80.87,76,6,6.06,ID,2021-05-28 00:57:35
149,Mehamn,-7.0032,111.3129,80.87,76,6,6.06,ID,2021-05-28 00:57:35
150,Bayanday,-7.0032,111.3129,80.87,76,6,6.06,ID,2021-05-28 00:57:35
151,Hirara,-7.0032,111.3129,80.87,76,6,6.06,ID,2021-05-28 00:57:35
152,Byron Bay,-7.0032,111.3129,80.87,76,6,6.06,ID,2021-05-28 00:57:35
153,Kargasok,-7.0032,111.3129,80.87,76,6,6.06,ID,2021-05-28 00:57:35
154,Gusau,-7.0032,111.3129,80.87,76,6,6.06,ID,2021-05-28 00:57:35
155,Hermanus,-7.0032,111.3129,80.87,76,6,6.06,ID,2021-05-28 00:57:35
156,New Norfolk,-7.0032,111.3129,80.87,76,6,6.06,ID,2021-05-28 00:57:35
157,Vostok,-7.0032,111.3129,80.87,76,6,6.06,ID,2021-05-28 00:57:35
158,North Bend,-7.0032,111.3129,80.87,76,6,6.06,ID,2021-05-28 00:57:35
159,Kalmunai,-7.0032,111.3129,80.87,76,6,6.06,ID,2021-05-28 00:57:35
160,Erie,-7.0032,111.3129,80.87,76,6,6.06,ID,2021-05-28 00:57:35
161,Arrecife,-7.0032,111.3129,80.87,76,6,6.06,ID,2021-05-28 00:57:35
162,Sapouy,-7.0032,111.3129,80.87,76,6,6.06,ID,2021-05-28 00:57:35
163,Cururupu,-7.0032,111.3129,80.87,76,6,6.06,ID,2021-05-28 00:57:35
164,Fairbanks,-7.0032,111.3129,80.87,76,6,6.06,ID,2021-05-28 00:57:35
165,Mys Shmidta,-7.0032,111.3129,80.87,76,6,6.06,ID,2021-05-28 00:57:35
166,Surt,-7.0032,111.3129,80.87,76,6,6.06,ID,2021-05-28 00:57:35
167,Portland,-7.0032,111.3129,80.87,76,6,6.06,ID,2021-05-28 00:57:35
168,Albi,-7.0032,111.3129,80.87,76,6,6.06,ID,2021-05-28 00:57:35
169,Ranong,-7.0032,111.3129,80.87,76,6,6.06,ID,2021-05-28 00:57:35
170,Daru,-7.0032,111.3129,80.87,76,6,6.06,ID,2021-05-28 00:57:35
171,Sola,-7.0032,111.3129,80.87,76,6,6.06,ID,2021-05-28 00:57:35
172,Nelson Bay,-7.0032,111.3129,80.87,76,6,6.06,ID,2021-05-28 00:57:35
173,Shyroke,-7.0032,111.3129,80.87,76,6,6.06,ID,2021-05-28 00:57:35
174,Cidreira,-7.0032,111.3129,80.87,76,6,6.06,ID,2021-05-28 00:57:35
175,Torbay,-7.0032,111.3129,80.87,76,6,6.06,ID,2021-05-28 00:57:35
176,Severo-Kurilsk,-7.0032,111.3129,80.87,76,6,6.06,ID,2021-05-28 00:57:35
177,West Bay,-7.0032,111.3129,80.87,76,6,6.06,ID,2021-05-28 00:57:35
178,Steinbach,-7.0032,111.3129,80.87,76,6,6.06,ID,2021-05-28 00:57:35
179,Bengkulu,-7.0032,111.3129,80.87,76,6,6.06,ID,2021-05-28 00:57:35
180,Fortuna,-7.0032,111.3129,80.87,76,6,6.06,ID,2021-05-28 00:57:35
181,Alofi,-7.0032,111.3129,80.87,76,6,6.06,ID,2021-05-28 00:57:35
182,Lagoa,-7.0032,111.3129,80.87,76,6,6.06,ID,2021-05-28 00:57:35
183,Aloleng,-7.0032,111.3129,80.87,76,6,6.06,ID,2021-05-28 00:57:35
184,Micheweni,-7.0032,111.3129,80.87,76,6,6.06,ID,2021-05-28 00:57:35
185,Dudinka,-7.0032,111.3129,80.87,76,6,6.06,ID,2021-05-28 00:57:35
186,Jackson,-7.0032,111.3129,80.87,76,6,6.06,ID,2021-05-28 00:57:35
187,Ibb,-7.0032,111.3129,80.87,76,6,6.06,ID,2021-05-28 00:57:35
188,Kedrovyy,-7.0032,111.3129,80.87,76,6,6.06,ID,2021-05-28 00:57:35
189,Ordu,-7.0032,111.3129,80.87,76,6,6.06,ID,2021-05-28 00:57:35
190,Buin,-7.0032,111.3129,80.87,76,6,6.06,ID,2021-05-28 00:57:35
191,Bara,-7.0032,111.3129,80.87,76,6,6.06,ID,2021-05-28 00:57:35
192,Tsihombe,-7.0032,111.3129,80.87,76,6,6.06,ID,2021-05-28 00:57:35
193,Jiexiu,-7.0032,111.3129,80.87,76,6,6.06,ID,2021-05-28 00:57:35
194,Anadyr,-7.0032,111.3129,80.87,76,6,6.06,ID,2021-05-28 00:57:35
195,Galle,-7.0032,111.3129,80.87,76,6,6.06,ID,2021-05-28 00:57:35
196,Kamenskoye,-7.0032,111.3129,80.87,76,6,6.06,ID,2021-05-28 00:57:35
197,George,-7.0032,111.3129,80.87,76,6,6.06,ID,2021-05-28 00:57:35
198,Saint George,-7.0032,111.3129,80.87,76,6,6.06,ID,2021-05-28 00:57:35
199,Lisala,-7.0032,111.3129,80.87,76,6,6.06,ID,2021-05-28 00:57:35
200,Vestmannaeyjar,-7.0032,111.3129,80.87,76,6,6.06,ID,2021-05-28 00:57:35
201,Hamilton,-7.0032,111.3129,80.87,76,6,6.06,ID,2021-05-28 00:57:35
202,College,-7.0032,111.3129,80.87,76,6,6.06,ID,2021-05-28 00:57:35
203,Urumqi,-7.0032,111.3129,80.87,76,6,6.06,ID,2021-05-28 00:57:35
204,Fasano,-7.0032,111.3129,80.87,76,6,6.06,ID,2021-05-28 00:57:35
205,Talnakh,-7.0032,111.3129,80.87,76,6,6.06,ID,2021-05-28 00:57:35
206,Banjar,-7.0032,111.3129,80.87,76,6,6.06,ID,2021-05-28 00:57:35
207,Banda Aceh,-7.0032,111.3129,80.87,76,6,6.06,ID,2021-05-28 00:57:35
208,Sibolga,-7.0032,111.3129,80.87,76,6,6.06,ID,2021-05-28 00:57:35
209,Tabuk,-7.0032,111.3129,80.87,76,6,6.06,ID,2021-05-28 00:57:35
210,Kayerkan,-7.0032,111.3129,80.87,76,6,6.06,ID,2021-05-28 00:57:35
211,Ponta Do Sol,-7.0032,111.3129,80.87,76,6,6.06,ID,2021-05-28 00:57:35
212,Manbij,-7.0032,111.3129,80.87,76,6,6.06,ID,2021-05-28 00:57:35
213,Miles City,-7.0032,111.3129,80.87,76,6,6.06,ID,2021-05-28 00:57:35
214,Waddan,-7.0032,111.3129,80.87,76,6,6.06,ID,2021-05-28 00:57:35
215,Antofagasta,-7.0032,111.3129,80.87,76,6,6.06,ID,2021-05-28 00:57:35
216,Tateyama,-7.0032,111.3129,80.87,76,6,6.06,ID,2021-05-28 00:57:35
217,Mar Del Plata,-7.0032,111.3129,80.87,76,6,6.06,ID,2021-05-28 00:57:35
218,Bambari,-7.0032,111.3129,80.87,76,6,6.06,ID,2021-05-28 00:57:35
219,Kachug,-7.0032,111.3129,80.87,76,6,6.06,ID,2021-05-28 00:57:35
220,Palabuhanratu,-7.0032,111.3129,80.87,76,6,6.06,ID,2021-05-28 00:57:35
221,Caninde,-7.0032,111.3129,80.87,76,6,6.06,ID,2021-05-28 00:57:35
222,Vila Franca Do Campo,-7.0032,111.3129,80.87,76,6,6.06,ID,2021-05-28 00:57:35
223,Nguiu,-7.0032,111.3129,80.87,76,6,6.06,ID,2021-05-28 00:57:35
224,Ambodifototra,-7.0032,111.3129,80.87,76,6,6.06,ID,2021-05-28 00:57:35
225,Kloulklubed,-7.0032,111.3129,80.87,76,6,6.06,ID,2021-05-28 00:57:35
226,Saskylakh,-7.0032,111.3129,80.87,76,6,6.06,ID,2021-05-28 00:57:35
227,Umm Kaddadah,-7.0032,111.3129,80.87,76,6,6.06,ID,2021-05-28 00:57:35
228,Lasa,-7.0032,111.3129,80.87,76,6,6.06,ID,2021-05-28 00:57:35
229,Chunskiy,-7.0032,111.3129,80.87,76,6,6.06,ID,2021-05-28 00:57:35
230,Galesong,-7.0032,111.3129,80.87,76,6,6.06,ID,2021-05-28 00:57:35
231,Chokwe,-7.0032,111.3129,80.87,76,6,6.06,ID,2021-05-28 00:57:35
232,Srandakan,-7.0032,111.3129,80.87,76,6,6.06,ID,2021-05-28 00:57:35
233,Coetupo,-7.0032,111.3129,80.87,76,6,6.06,ID,2021-05-28 00:57:35
234,Timucuy,-7.0032,111.3129,80.87,76,6,6.06,ID,2021-05-28 00:57:35
235,Vila Velha,-7.0032,111.3129,80.87,76,6,6.06,ID,2021-05-28 00:57:35
236,Hualmay,-7.0032,111.3129,80.87,76,6,6.06,ID,2021-05-28 00:57:35
237,Nikolskoye,-7.0032,111.3129,80.87,76,6,6.06,ID,2021-05-28 00:57:35
238,Souillac,-7.0032,111.3129,80.87,76,6,6.06,ID,2021-05-28 00:57:35
239,Gurskoye,-7.0032,111.3129,80.87,76,6,6.06,ID,2021-05-28 00:57:35
240,Beringovskiy,-7.0032,111.3129,80.87,76,6,6.06,ID,2021-05-28 00:57:35
241,Dzaoudzi,-7.0032,111.3129,80.87,76,6,6.06,ID,2021-05-28 00:57:35
242,Provideniya,-7.0032,111.3129,80.87,76,6,6.06,ID,2021-05-28 00:57:35
243,Tiksi,-7.0032,111.3129,80.87,76,6,6.06,ID,2021-05-28 00:57:35
244,Corrientes,-7.0032,111.3129,80.87,76,6,6.06,ID,2021-05-28 00:57:35
245,Hope,-7.0032,111.3129,80.87,76,6,6.06,ID,2021-05-28 00:57:35
246,Ngunguru,-7.0032,111.3129,80.87,76,6,6.06,ID,2021-05-28 00:57:35
247,Rawson,-7.0032,111.3129,80.87,76,6,6.06,ID,2021-05-28 00:57:35
248,Saint-Georges,-7.0032,111.3129,80.87,76,6,6.06,ID,2021-05-28 00:57:35
249,Kodiak,-7.0032,111.3129,80.87,76,6,6.06,ID,2021-05-28 00:57:35
250,Santa Maria,-7.0032,111.3129,80.87,76,6,6.06,ID,2021-05-28 00:57:35
251,Adilabad,-7.0032,111.3129,80.87,76,6,6.06,ID,2021-05-28 00:57:35
252,Benguela,-7.0032,111.3129,80.87,76,6,6.06,ID,2021-05-28 00:57:35
253,Laguna,-7.0032,111.3129,80.87,76,6,6.06,ID,2021-05-28 00:57:35
254,Tijara,-7.0032,111.3129,80.87,76,6,6.06,ID,2021-05-28 00:57:35
255,Madhupur,-7.0032,111.3129,80.87,76,6,6.06,ID,2021-05-28 00:57:35
256,Lerwick,-7.0032,111.3129,80.87,76,6,6.06,ID,2021-05-28 00:57:35
257,Ushibuka,-7.0032,111.3129,80.87,76,6,6.06,ID,2021-05-28 00:57:35
258,Ilhabela,-7.0032,111.3129,80.87,76,6,6.06,ID,2021-05-28 00:57:35
259,Pauini,-7.0032,111.3129,80.87,76,6,6.06,ID,2021-05-28 00:57:35
260,Pangnirtung,-7.0032,111.3129,80.87,76,6,6.06,ID,2021-05-28 00:57:35
261,San Rafael,-7.0032,111.3129,80.87,76,6,6.06,ID,2021-05-28 00:57:35
262,Moose Factory,-7.0032,111.3129,80.87,76,6,6.06,ID,2021-05-28 00:57:35
263,Otavi,-7.0032,111.3129,80.87,76,6,6.06,ID,2021-05-28 00:57:35
264,La Ronge,-7.0032,111.3129,80.87,76,6,6.06,ID,2021-05-28 00:57:35
265,Virginia Beach,-7.0032,111.3129,80.87,76,6,6.06,ID,2021-05-28 00:57:35
266,Lorengau,-7.0032,111.3129,80.87,76,6,6.06,ID,2021-05-28 00:57:35
267,Hornepayne,-7.0032,111.3129,80.87,76,6,6.06,ID,2021-05-28 00:57:35
268,Caluquembe,-7.0032,111.3129,80.87,76,6,6.06,ID,2021-05-28 00:57:35
269,Poum,-7.0032,111.3129,80.87,76,6,6.06,ID,2021-05-28 00:57:35
270,Fort Nelson,-7.0032,111.3129,80.87,76,6,6.06,ID,2021-05-28 00:57:35
271,Tromso,-7.0032,111.3129,80.87,76,6,6.06,ID,2021-05-28 00:57:35
272,Concarneau,-7.0032,111.3129,80.87,76,6,6.06,ID,2021-05-28 00:57:35
273,Saleaula,-7.0032,111.3129,80.87,76,6,6.06,ID,2021-05-28 00:57:35
274,Meulaboh,-7.0032,111.3129,80.87,76,6,6.06,ID,2021-05-28 00:57:35
275,Kaitangata,-7.0032,111.3129,80.87,76,6,6.06,ID,2021-05-28 00:57:35
276,Pingliang,-7.0032,111.3129,80.87,76,6,6.06,ID,2021-05-28 00:57:35
277,Guerrero Negro,-7.0032,111.3129,80.87,76,6,6.06,ID,2021-05-28 00:57:35
278,Flinders,-7.0032,111.3129,80.87,76,6,6.06,ID,2021-05-28 00:57:35
279,Lahaina,-7.0032,111.3129,80.87,76,6,6.06,ID,2021-05-28 00:57:35
280,Hami,-7.0032,111.3129,80.87,76,6,6.06,ID,2021-05-28 00:57:35
281,Half Moon Bay,-7.0032,111.3129,80.87,76,6,6.06,ID,2021-05-28 00:57:35
282,Turukhansk,-7.0032,111.3129,80.87,76,6,6.06,ID,2021-05-28 00:57:35
283,Bilibino,-7.0032,111.3129,80.87,76,6,6.06,ID,2021-05-28 00:57:35
284,Gazanjyk,-7.0032,111.3129,80.87,76,6,6.06,ID,2021-05-28 00:57:35
285,Muros,-7.0032,111.3129,80.87,76,6,6.06,ID,2021-05-28 00:57:35
286,Berikulskiy,-7.0032,111.3129,80.87,76,6,6.06,ID,2021-05-28 00:57:35
287,Okhotsk,-7.0032,111.3129,80.87,76,6,6.06,ID,2021-05-28 00:57:35
288,Flin Flon,-7.0032,111.3129,80.87,76,6,6.06,ID,2021-05-28 00:57:35
289,Mount Gambier,-7.0032,111.3129,80.87,76,6,6.06,ID,2021-05-28 00:57:35
290,Esna,-7.0032,111.3129,80.87,76,6,6.06,ID,2021-05-28 00:57:35
291,Xai-Xai,-7.0032,111.3129,80.87,76,6,6.06,ID,2021-05-28 00:57:35
292,Nova Praha,-7.0032,111.3129,80.87,76,6,6.06,ID,2021-05-28 00:57:35
293,Bathsheba,-7.0032,111.3129,80.87,76,6,6.06,ID,2021-05-28 00:57:35
294,Ixtapa,-7.0032,111.3129,80.87,76,6,6.06,ID,2021-05-28 00:57:35
295,Port Hueneme,-7.0032,111.3129,80.87,76,6,6.06,ID,2021-05-28 00:57:35
296,Nioro,-7.0032,111.3129,80.87,76,6,6.06,ID,2021-05-28 00:57:35
297,Ulagan,-7.0032,111.3129,80.87,76,6,6.06,ID,2021-05-28 00:57:35
298,Mergui,-7.0032,111.3129,80.87,76,6,6.06,ID,2021-05-28 00:57:35
299,Nigde,-7.0032,111.3129,80.87,76,6,6.06,ID,2021-05-28 00:57:35
300,Sao Joao Da Barra,-7.0032,111.3129,80.87,76,6,6.06,ID,2021-05-28 00:57:35
301,Sungaipenuh,-7.0032,111.3129,80.87,76,6,6.06,ID,2021-05-28 00:57:35
302,Ahipara,-7.0032,111.3129,80.87,76,6,6.06,ID,2021-05-28 00:57:35
303,Los Llanos De Aridane,-7.0032,111.3129,80.87,76,6,6.06,ID,2021-05-28 00:57:35
304,Arinos,-7.0032,111.3129,80.87,76,6,6.06,ID,2021-05-28 00:57:35
305,San Cristobal,-7.0032,111.3129,80.87,76,6,6.06,ID,2021-05-28 00:57:35
306,Makakilo City,-7.0032,111.3129,80.87,76,6,6.06,ID,2021-05-28 00:57:35
307,Toliary,-7.0032,111.3129,80.87,76,6,6.06,ID,2021-05-28 00:57:35
308,Padilla,-7.0032,111.3129,80.87,76,6,6.06,ID,2021-05-28 00:57:35
309,Chimbote,-7.0032,111.3129,80.87,76,6,6.06,ID,2021-05-28 00:57:35
310,Les Cayes,-7.0032,111.3129,80.87,76,6,6.06,ID,2021-05-28 00:57:35
311,Umm Lajj,-7.0032,111.3129,80.87,76,6,6.06,ID,2021-05-28 00:57:35
312,Bolsheustikinskoye,-7.0032,111.3129,80.87,76,6,6.06,ID,2021-05-28 00:57:35
313,Codrington,-7.0032,111.3129,80.87,76,6,6.06,ID,2021-05-28 00:57:35
314,Visnes,-7.0032,111.3129,80.87,76,6,6.06,ID,2021-05-28 00:57:35
315,Surazh,-7.0032,111.3129,80.87,76,6,6.06,ID,2021-05-28 00:57:35
316,Takoradi,-7.0032,111.3129,80.87,76,6,6.06,ID,2021-05-28 00:57:35
317,Ciudad Bolivar,-7.0032,111.3129,80.87,76,6,6.06,ID,2021-05-28 00:57:35
318,Sentyabrskiy,-7.0032,111.3129,80.87,76,6,6.06,ID,2021-05-28 00:57:35
319,Ribeira Grande,-7.0032,111.3129,80.87,76,6,6.06,ID,2021-05-28 00:57:35
320,Kahului,-7.0032,111.3129,80.87,76,6,6.06,ID,2021-05-28 00:57:35
321,Hunza,-7.0032,111.3129,80.87,76,6,6.06,ID,2021-05-28 00:57:35
322,Harper,-7.0032,111.3129,80.87,76,6,6.06,ID,2021-05-28 00:57:35
323,Hovd,-7.0032,111.3129,80.87,76,6,6.06,ID,2021-05-28 00:57:35
324,Iskateley,-7.0032,111.3129,80.87,76,6,6.06,ID,2021-05-28 00:57:35
325,Encheng,-7.0032,111.3129,80.87,76,6,6.06,ID,2021-05-28 00:57:35
326,Lysva,-7.0032,111.3129,80.87,76,6,6.06,ID,2021-05-28 00:57:35
327,Linxia,-7.0032,111.3129,80.87,76,6,6.06,ID,2021-05-28 00:57:35
328,Anori,-7.0032,111.3129,80.87,76,6,6.06,ID,2021-05-28 00:57:35
329,Teahupoo,-7.0032,111.3129,80.87,76,6,6.06,ID,2021-05-28 00:57:35
330,Conakry,-7.0032,111.3129,80.87,76,6,6.06,ID,2021-05-28 00:57:35
331,Bac Lieu,-7.0032,111.3129,80.87,76,6,6.06,ID,2021-05-28 00:57:35
332,Lasem,-7.0032,111.3129,80.87,76,6,6.06,ID,2021-05-28 00:57:35
333,Omboue,-7.0032,111.3129,80.87,76,6,6.06,ID,2021-05-28 00:57:35
334,Vanimo,-7.0032,111.3129,80.87,76,6,6.06,ID,2021-05-28 00:57:35
335,Sulangan,-7.0032,111.3129,80.87,76,6,6.06,ID,2021-05-28 00:57:35
336,Bonnyville,-7.0032,111.3129,80.87,76,6,6.06,ID,2021-05-28 00:57:35
337,Grand River South East,-7.0032,111.3129,80.87,76,6,6.06,ID,2021-05-28 00:57:35
338,Beba,-7.0032,111.3129,80.87,76,6,6.06,ID,2021-05-28 00:57:35
339,Wulanhaote,-7.0032,111.3129,80.87,76,6,6.06,ID,2021-05-28 00:57:35
340,Matara,-7.0032,111.3129,80.87,76,6,6.06,ID,2021-05-28 00:57:35
341,Tuatapere,-7.0032,111.3129,80.87,76,6,6.06,ID,2021-05-28 00:57:35
342,Arona,-7.0032,111.3129,80.87,76,6,6.06,ID,2021-05-28 00:57:35
343,Thompson,-7.0032,111.3129,80.87,76,6,6.06,ID,2021-05-28 00:57:35
344,La Roda,-7.0032,111.3129,80.87,76,6,6.06,ID,2021-05-28 00:57:35
345,Kodinsk,-7.0032,111.3129,80.87,76,6,6.06,ID,2021-05-28 00:57:35
346,Okakarara,-7.0032,111.3129,80.87,76,6,6.06,ID,2021-05-28 00:57:35
347,Auki,-7.0032,111.3129,80.87,76,6,6.06,ID,2021-05-28 00:57:35
348,Romny,-7.0032,111.3129,80.87,76,6,6.06,ID,2021-05-28 00:57:35
349,Lavrentiya,-7.0032,111.3129,80.87,76,6,6.06,ID,2021-05-28 00:57:35
350,Pisco,-7.0032,111.3129,80.87,76,6,6.06,ID,2021-05-28 00:57:35
351,Gulu,-7.0032,111.3129,80.87,76,6,6.06,ID,2021-05-28 00:57:35
352,Ulladulla,-7.0032,111.3129,80.87,76,6,6.06,ID,2021-05-28 00:57:35
353,Khorramshahr,-7.0032,111.3129,80.87,76,6,6.06,ID,2021-05-28 00:57:35
354,Waingapu,-7.0032,111.3129,80.87,76,6,6.06,ID,2021-05-28 00:57:35
355,Marcona,-7.0032,111.3129,80.87,76,6,6.06,ID,2021-05-28 00:57:35
356,Juye,-7.0032,111.3129,80.87,76,6,6.06,ID,2021-05-28 00:57:35
357,Port Augusta,-7.0032,111.3129,80.87,76,6,6.06,ID,2021-05-28 00:57:35
358,Bose,-7.0032,111.3129,80.87,76,6,6.06,ID,2021-05-28 00:57:35
359,Log,-7.0032,111.3129,80.87,76,6,6.06,ID,2021-05-28 00:57:35
360,Kolokani,-7.0032,111.3129,80.87,76,6,6.06,ID,2021-05-28 00:57:35
361,Poronaysk,-7.0032,111.3129,80.87,76,6,6.06,ID,2021-05-28 00:57:35
362,Masakin,-7.0032,111.3129,80.87,76,6,6.06,ID,2021-05-28 00:57:35
363,Yerbogachen,-7.0032,111.3129,80.87,76,6,6.06,ID,2021-05-28 00:57:35
364,Serebryansk,-7.0032,111.3129,80.87,76,6,6.06,ID,2021-05-28 00:57:35
365,Krasnovishersk,-7.0032,111.3129,80.87,76,6,6.06,ID,2021-05-28 00:57:35
366,Cap Malheureux,-7.0032,111.3129,80.87,76,6,6.06,ID,2021-05-28 00:57:35
367,Te Anau,-7.0032,111.3129,80.87,76,6,6.06,ID,2021-05-28 00:57:35
368,Marinette,-7.0032,111.3129,80.87,76,6,6.06,ID,2021-05-28 00:57:35
369,Ola,-7.0032,111.3129,80.87,76,6,6.06,ID,2021-05-28 00:57:35
370,Caravelas,-7.0032,111.3129,80.87,76,6,6.06,ID,2021-05-28 00:57:35
371,Vanavara,-7.0032,111.3129,80.87,76,6,6.06,ID,2021-05-28 00:57:35
372,Karratha,-7.0032,111.3129,80.87,76,6,6.06,ID,2021-05-28 00:57:35
373,Starogard Gdanski,-7.0032,111.3129,80.87,76,6,6.06,ID,2021-05-28 00:57:35
374,Amapa,-7.0032,111.3129,80.87,76,6,6.06,ID,2021-05-28 00:57:35
375,Hongjiang,-7.0032,111.3129,80.87,76,6,6.06,ID,2021-05-28 00:57:35
376,Louisbourg,-7.0032,111.3129,80.87,76,6,6.06,ID,2021-05-28 00:57:35
377,Ushtobe,-7.0032,111.3129,80.87,76,6,6.06,ID,2021-05-28 00:57:35
378,Imbituba,-7.0032,111.3129,80.87,76,6,6.06,ID,2021-05-28 00:57:35
379,Sopelana,-7.0032,111.3129,80.87,76,6,6.06,ID,2021-05-28 00:57:35
380,Obluche,-7.0032,111.3129,80.87,76,6,6.06,ID,2021-05-28 00:57:35
381,Mount Isa,-7.0032,111.3129,80.87,76,6,6.06,ID,2021-05-28 00:57:35
382,Sembakung,-7.0032,111.3129,80.87,76,6,6.06,ID,2021-05-28 00:57:35
383,Coihaique,-7.0032,111.3129,80.87,76,6,6.06,ID,2021-05-28 00:57:35
384,Road Town,-7.0032,111.3129,80.87,76,6,6.06,ID,2021-05-28 00:57:35
385,Henties Bay,-7.0032,111.3129,80.87,76,6,6.06,ID,2021-05-28 00:57:35
386,Raudeberg,-7.0032,111.3129,80.87,76,6,6.06,ID,2021-05-28 00:57:35
387,Maldonado,-7.0032,111.3129,80.87,76,6,6.06,ID,2021-05-28 00:57:35
388,Watertown,-7.0032,111.3129,80.87,76,6,6.06,ID,2021-05-28 00:57:35
389,Ekhabi,-7.0032,111.3129,80.87,76,6,6.06,ID,2021-05-28 00:57:35
390,Minab,-7.0032,111.3129,80.87,76,6,6.06,ID,2021-05-28 00:57:35
391,Bilma,-7.0032,111.3129,80.87,76,6,6.06,ID,2021-05-28 00:57:35
392,Bambous Virieux,-7.0032,111.3129,80.87,76,6,6.06,ID,2021-05-28 00:57:35
393,Moranbah,-7.0032,111.3129,80.87,76,6,6.06,ID,2021-05-28 00:57:35
394,Sinnamary,-7.0032,111.3129,80.87,76,6,6.06,ID,2021-05-28 00:57:35
395,Belushya Guba,-7.0032,111.3129,80.87,76,6,6.06,ID,2021-05-28 00:57:35
396,Bull Savanna,-7.0032,111.3129,80.87,76,6,6.06,ID,2021-05-28 00:57:35
397,Kampot,-7.0032,111.3129,80.87,76,6,6.06,ID,2021-05-28 00:57:35
398,Acolla,-7.0032,111.3129,80.87,76,6,6.06,ID,2021-05-28 00:57:35
399,Kansk,-7.0032,111.3129,80.87,76,6,6.06,ID,2021-05-28 00:57:35
400,Sayansk,-7.0032,111.3129,80.87,76,6,6.06,ID,2021-05-28 00:57:35
401,Grindavik,-7.0032,111.3129,80.87,76,6,6.06,ID,2021-05-28 00:57:35
402,Agadez,-7.0032,111.3129,80.87,76,6,6.06,ID,2021-05-28 00:57:35
403,Alihe,-7.0032,111.3129,80.87,76,6,6.06,ID,2021-05-28 00:57:35
404,Council Bluffs,-7.0032,111.3129,80.87,76,6,6.06,ID,2021-05-28 00:57:35
405,Casablanca,-7.0032,111.3129,80.87,76,6,6.06,ID,2021-05-28 00:57:35
406,Hambantota,-7.0032,111.3129,80.87,76,6,6.06,ID,2021-05-28 00:57:35
407,Valparaiso,-7.0032,111.3129,80.87,76,6,6.06,ID,2021-05-28 00:57:35
408,Mitsamiouli,-7.0032,111.3129,80.87,76,6,6.06,ID,2021-05-28 00:57:35
409,Nuevo Imperial,-7.0032,111.3129,80.87,76,6,6.06,ID,2021-05-28 00:57:35
410,Tessalit,-7.0032,111.3129,80.87,76,6,6.06,ID,2021-05-28 00:57:35
411,Menongue,-7.0032,111.3129,80.87,76,6,6.06,ID,2021-05-28 00:57:35
412,Egtved,-7.0032,111.3129,80.87,76,6,6.06,ID,2021-05-28 00:57:35
413,Ngukurr,-7.0032,111.3129,80.87,76,6,6.06,ID,2021-05-28 00:57:35
414,Oranjemund,-7.0032,111.3129,80.87,76,6,6.06,ID,2021-05-28 00:57:35
415,Kapoeta,-7.0032,111.3129,80.87,76,6,6.06,ID,2021-05-28 00:57:35
416,Skvyra,-7.0032,111.3129,80.87,76,6,6.06,ID,2021-05-28 00:57:35
417,Moerai,-7.0032,111.3129,80.87,76,6,6.06,ID,2021-05-28 00:57:35
418,Asayita,-7.0032,111.3129,80.87,76,6,6.06,ID,2021-05-28 00:57:35
419,Baghdad,-7.0032,111.3129,80.87,76,6,6.06,ID,2021-05-28 00:57:35
420,Burgos,-7.0032,111.3129,80.87,76,6,6.06,ID,2021-05-28 00:57:35
421,Olinda,-7.0032,111.3129,80.87,76,6,6.06,ID,2021-05-28 00:57:35
422,Languyan,-7.0032,111.3129,80.87,76,6,6.06,ID,2021-05-28 00:57:35
423,Dondo,-7.0032,111.3129,80.87,76,6,6.06,ID,2021-05-28 00:57:35
424,Necochea,-7.0032,111.3129,80.87,76,6,6.06,ID,2021-05-28 00:57:35
425,Njombe,-7.0032,111.3129,80.87,76,6,6.06,ID,2021-05-28 00:57:35
426,Sahrak,-7.0032,111.3129,80.87,76,6,6.06,ID,2021-05-28 00:57:35
427,Ballina,-7.0032,111.3129,80.87,76,6,6.06,ID,2021-05-28 00:57:35
428,Souris,-7.0032,111.3129,80.87,76,6,6.06,ID,2021-05-28 00:57:35
429,Tidore,-7.0032,111.3129,80.87,76,6,6.06,ID,2021-05-28 00:57:35
430,Honiara,-7.0032,111.3129,80.87,76,6,6.06,ID,2021-05-28 00:57:35
431,Christchurch,-7.0032,111.3129,80.87,76,6,6.06,ID,2021-05-28 00:57:35
432,Baza,-7.0032,111.3129,80.87,76,6,6.06,ID,2021-05-28 00:57:35
433,Cotonou,-7.0032,111.3129,80.87,76,6,6.06,ID,2021-05-28 00:57:35
434,Kazalinsk,-7.0032,111.3129,80.87,76,6,6.06,ID,2021-05-28 00:57:35
435,Rudbar,-7.0032,111.3129,80.87,76,6,6.06,ID,2021-05-28 00:57:35
436,Salalah,-7.0032,111.3129,80.87,76,6,6.06,ID,2021-05-28 00:57:35
437,Maneadero,-7.0032,111.3129,80.87,76,6,6.06,ID,2021-05-28 00:57:35
438,East Foothills,-7.0032,111.3129,80.87,76,6,6.06,ID,2021-05-28 00:57:35
439,Champerico,-7.0032,111.3129,80.87,76,6,6.06,ID,2021-05-28 00:57:35
440,Namatanai,-7.0032,111.3129,80.87,76,6,6.06,ID,2021-05-28 00:57:35
441,Gurjaani,-7.0032,111.3129,80.87,76,6,6.06,ID,2021-05-28 00:57:35
442,Montevideo,-7.0032,111.3129,80.87,76,6,6.06,ID,2021-05-28 00:57:35
443,Bereda,-7.0032,111.3129,80.87,76,6,6.06,ID,2021-05-28 00:57:35
444,Taunggyi,-7.0032,111.3129,80.87,76,6,6.06,ID,2021-05-28 00:57:35
445,Soe,-7.0032,111.3129,80.87,76,6,6.06,ID,2021-05-28 00:57:35
446,Borama,-7.0032,111.3129,80.87,76,6,6.06,ID,2021-05-28 00:57:35
447,Pietermaritzburg,-7.0032,111.3129,80.87,76,6,6.06,ID,2021-05-28 00:57:35
448,Hihifo,-7.0032,111.3129,80.87,76,6,6.06,ID,2021-05-28 00:57:35
449,Guadalupe Y Calvo,-7.0032,111.3129,80.87,76,6,6.06,ID,2021-05-28 00:57:35
450,Lohja,-7.0032,111.3129,80.87,76,6,6.06,ID,2021-05-28 00:57:35
451,Grand Haven,-7.0032,111.3129,80.87,76,6,6.06,ID,2021-05-28 00:57:35
452,Verkhnevilyuysk,-7.0032,111.3129,80.87,76,6,6.06,ID,2021-05-28 00:57:35
453,Sharan,-7.0032,111.3129,80.87,76,6,6.06,ID,2021-05-28 00:57:35
454,Cabedelo,-7.0032,111.3129,80.87,76,6,6.06,ID,2021-05-28 00:57:35
455,Lukovetskiy,-7.0032,111.3129,80.87,76,6,6.06,ID,2021-05-28 00:57:35
456,Bayangol,-7.0032,111.3129,80.87,76,6,6.06,ID,2021-05-28 00:57:35
457,Tura,-7.0032,111.3129,80.87,76,6,6.06,ID,2021-05-28 00:57:35
458,Rio Gallegos,-7.0032,111.3129,80.87,76,6,6.06,ID,2021-05-28 00:57:35
459,Arboletes,-7.0032,111.3129,80.87,76,6,6.06,ID,2021-05-28 00:57:35
460,Vardo,-7.0032,111.3129,80.87,76,6,6.06,ID,2021-05-28 00:57:35
461,Tomatlan,-7.0032,111.3129,80.87,76,6,6.06,ID,2021-05-28 00:57:35
462,Saint-Francois,-7.0032,111.3129,80.87,76,6,6.06,ID,2021-05-28 00:57:35
463,Kamaishi,-7.0032,111.3129,80.87,76,6,6.06,ID,2021-05-28 00:57:35
464,Omsukchan,-7.0032,111.3129,80.87,76,6,6.06,ID,2021-05-28 00:57:35
465,Khash,-7.0032,111.3129,80.87,76,6,6.06,ID,2021-05-28 00:57:35
466,Husavik,-7.0032,111.3129,80.87,76,6,6.06,ID,2021-05-28 00:57:35
467,Padang,-7.0032,111.3129,80.87,76,6,6.06,ID,2021-05-28 00:57:35
468,Latehar,-7.0032,111.3129,80.87,76,6,6.06,ID,2021-05-28 00:57:35
469,Oktyabrskoye,-7.0032,111.3129,80.87,76,6,6.06,ID,2021-05-28 00:57:35
470,Fayaoue,-7.0032,111.3129,80.87,76,6,6.06,ID,2021-05-28 00:57:35
471,Dunedin,-7.0032,111.3129,80.87,76,6,6.06,ID,2021-05-28 00:57:35
472,Londoko,-7.0032,111.3129,80.87,76,6,6.06,ID,2021-05-28 00:57:35
473,Higuey,-7.0032,111.3129,80.87,76,6,6.06,ID,2021-05-28 00:57:35
474,Iquique,-7.0032,111.3129,80.87,76,6,6.06,ID,2021-05-28 00:57:35
475,Kiama,-7.0032,111.3129,80.87,76,6,6.06,ID,2021-05-28 00:57:35
476,Nizhneyansk,-7.0032,111.3129,80.87,76,6,6.06,ID,2021-05-28 00:57:35
477,Swan Hill,-7.0032,111.3129,80.87,76,6,6.06,ID,2021-05-28 00:57:35
478,Khonuu,-7.0032,111.3129,80.87,76,6,6.06,ID,2021-05-28 00:57:35
479,Walvis Bay,-7.0032,111.3129,80.87,76,6,6.06,ID,2021-05-28 00:57:35
480,Parrita,-7.0032,111.3129,80.87,76,6,6.06,ID,2021-05-28 00:57:35
481,Gamba,-7.0032,111.3129,80.87,76,6,6.06,ID,2021-05-28 00:57:35
482,Sibut,-7.0032,111.3129,80.87,76,6,6.06,ID,2021-05-28 00:57:35
483,Severo-Yeniseyskiy,-7.0032,111.3129,80.87,76,6,6.06,ID,2021-05-28 00:57:35
484,Potamia,-7.0032,111.3129,80.87,76,6,6.06,ID,2021-05-28 00:57:35
485,Baykit,-7.0032,111.3129,80.87,76,6,6.06,ID,2021-05-28 00:57:35
486,Tambovka,-7.0032,111.3129,80.87,76,6,6.06,ID,2021-05-28 00:57:35
487,Harwich,-7.0032,111.3129,80.87,76,6,6.06,ID,2021-05-28 00:57:35
488,Vao,-7.0032,111.3129,80.87,76,6,6.06,ID,2021-05-28 00:57:35
489,Udachnyy,-7.0032,111.3129,80.87,76,6,6.06,ID,2021-05-28 00:57:35
490,Tunduru,-7.0032,111.3129,80.87,76,6,6.06,ID,2021-05-28 00:57:35
491,Kholm-Zhirkovskiy,-7.0032,111.3129,80.87,76,6,6.06,ID,2021-05-28 00:57:35
492,Christiana,-7.0032,111.3129,80.87,76,6,6.06,ID,2021-05-28 00:57:35
493,Tucupita,-7.0032,111.3129,80.87,76,6,6.06,ID,2021-05-28 00:57:35
494,Wamba,-7.0032,111.3129,80.87,76,6,6.06,ID,2021-05-28 00:57:35
495,Kavaratti,-7.0032,111.3129,80.87,76,6,6.06,ID,2021-05-28 00:57:35
496,Kenai,-7.0032,111.3129,80.87,76,6,6.06,ID,2021-05-28 00:57:35
497,Dmitriyevka,-7.0032,111.3129,80.87,76,6,6.06,ID,2021-05-28 00:57:35
498,Puerto El Triunfo,-7.0032,111.3129,80.87,76,6,6.06,ID,2021-05-28 00:57:35
499,Seoul,-7.0032,111.3129,80.87,76,6,6.06,ID,2021-05-28 00:57:35
500,Laurel,-7.0032,111.3129,80.87,76,6,6.06,ID,2021-05-28 00:57:35
501,Macaboboni,-7.0032,111.3129,80.87,76,6,6.06,ID,2021-05-28 00:57:35
502,Sobolevo,-7.0032,111.3129,80.87,76,6,6.06,ID,2021-05-28 00:57:35
503,Port Blair,-7.0032,111.3129,80.87,76,6,6.06,ID,2021-05-28 00:57:35
504,Port Macquarie,-7.0032,111.3129,80.87,76,6,6.06,ID,2021-05-28 00:57:35
505,Kapustin Yar-1,-7.0032,111.3129,80.87,76,6,6.06,ID,2021-05-28 00:57:35
506,Tual,-7.0032,111.3129,80.87,76,6,6.06,ID,2021-05-28 00:57:35
507,Ust-Kuyga,-7.0032,111.3129,80.87,76,6,6.06,ID,2021-05-28 00:57:35
508,Segou,-7.0032,111.3129,80.87,76,6,6.06,ID,2021-05-28 00:57:35
509,Belmonte,-7.0032,111.3129,80.87,76,6,6.06,ID,2021-05-28 00:57:35
510,Bolungarvik,-7.0032,111.3129,80.87,76,6,6.06,ID,2021-05-28 00:57:35
511,Dongsheng,-7.0032,111.3129,80.87,76,6,6.06,ID,2021-05-28 00:57:35
512,Kieta,-7.0032,111.3129,80.87,76,6,6.06,ID,2021-05-28 00:57:35
513,Naze,-7.0032,111.3129,80.87,76,6,6.06,ID,2021-05-28 00:57:35
514,Egvekinot,-7.0032,111.3129,80.87,76,6,6.06,ID,2021-05-28 00:57:35
515,Riyadh,-7.0032,111.3129,80.87,76,6,6.06,ID,2021-05-28 00:57:35
516,Sept-Iles,-7.0032,111.3129,80.87,76,6,6.06,ID,2021-05-28 00:57:35
517,Casselman,-7.0032,111.3129,80.87,76,6,6.06,ID,2021-05-28 00:57:35
518,Puerto Madryn,-7.0032,111.3129,80.87,76,6,6.06,ID,2021-05-28 00:57:35
519,Mecca,-7.0032,111.3129,80.87,76,6,6.06,ID,2021-05-28 00:57:35
520,Coquimbo,-7.0032,111.3129,80.87,76,6,6.06,ID,2021-05-28 00:57:35
521,Manokwari,-7.0032,111.3129,80.87,76,6,6.06,ID,2021-05-28 00:57:35
522,Fuxin,-7.0032,111.3129,80.87,76,6,6.06,ID,2021-05-28 00:57:35
523,Tarko-Sale,-7.0032,111.3129,80.87,76,6,6.06,ID,2021-05-28 00:57:35
524,Araouane,-7.0032,111.3129,80.87,76,6,6.06,ID,2021-05-28 00:57:35
525,Makushino,-7.0032,111.3129,80.87,76,6,6.06,ID,2021-05-28 00:57:35
526,Nouadhibou,-7.0032,111.3129,80.87,76,6,6.06,ID,2021-05-28 00:57:35
527,Indianola,-7.0032,111.3129,80.87,76,6,6.06,ID,2021-05-28 00:57:35
528,Chagda,-7.0032,111.3129,80.87,76,6,6.06,ID,2021-05-28 00:57:35
529,Inhambane,-7.0032,111.3129,80.87,76,6,6.06,ID,2021-05-28 00:57:35
530,Kupang,-7.0032,111.3129,80.87,76,6,6.06,ID,2021-05-28 00:57:35
531,Manta,-7.0032,111.3129,80.87,76,6,6.06,ID,2021-05-28 00:57:35
532,Najran,-7.0032,111.3129,80.87,76,6,6.06,ID,2021-05-28 00:57:35
533,Pringsewu,-7.0032,111.3129,80.87,76,6,6.06,ID,2021-05-28 00:57:35
534,Parabel,-7.0032,111.3129,80.87,76,6,6.06,ID,2021-05-28 00:57:35
535,Tamale,-7.0032,111.3129,80.87,76,6,6.06,ID,2021-05-28 00:57:35
536,Gewane,-7.0032,111.3129,80.87,76,6,6.06,ID,2021-05-28 00:57:35
537,Nuuk,-7.0032,111.3129,80.87,76,6,6.06,ID,2021-05-28 00:57:35
538,Usva,-7.0032,111.3129,80.87,76,6,6.06,ID,2021-05-28 00:57:35
539,Tartki,-7.0032,111.3129,80.87,76,6,6.06,ID,2021-05-28 00:57:35
540,Khani,-7.0032,111.3129,80.87,76,6,6.06,ID,2021-05-28 00:57:35
541,Grenaa,-7.0032,111.3129,80.87,76,6,6.06,ID,2021-05-28 00:57:35
542,High Level,-7.0032,111.3129,80.87,76,6,6.06,ID,2021-05-28 00:57:35
543,Cravo Norte,-7.0032,111.3129,80.87,76,6,6.06,ID,2021-05-28 00:57:35
544,Lufilufi,-7.0032,111.3129,80.87,76,6,6.06,ID,2021-05-28 00:57:35
545,Borujerd,-7.0032,111.3129,80.87,76,6,6.06,ID,2021-05-28 00:57:35
546,Nome,-7.0032,111.3129,80.87,76,6,6.06,ID,2021-05-28 00:57:35
547,Cananeia,-7.0032,111.3129,80.87,76,6,6.06,ID,2021-05-28 00:57:35
548,Bitung,-7.0032,111.3129,80.87,76,6,6.06,ID,2021-05-28 00:57:35
549,Miracema Do Tocantins,-7.0032,111.3129,80.87,76,6,6.06,ID,2021-05-28 00:57:35
550,Camacha,-7.0032,111.3129,80.87,76,6,6.06,ID,2021-05-28 00:57:35
551,West Plains,-7.0032,111.3129,80.87,76,6,6.06,ID,2021-05-28 00:57:35
552,Nam Tha,-7.0032,111.3129,80.87,76,6,6.06,ID,2021-05-28 00:57:35
553,Gat,-7.0032,111.3129,80.87,76,6,6.06,ID,2021-05-28 00:57:35
554,Safaqis,-7.0032,111.3129,80.87,76,6,6.06,ID,2021-05-28 00:57:35
555,Taoudenni,-7.0032,111.3129,80.87,76,6,6.06,ID,2021-05-28 00:57:35
556,Baraki Barak,-7.0032,111.3129,80.87,76,6,6.06,ID,2021-05-28 00:57:35
557,Biu,-7.0032,111.3129,80.87,76,6,6.06,ID,2021-05-28 00:57:35
558,Temaraia,-7.0032,111.3129,80.87,76,6,6.06,ID,2021-05-28 00:57:35
559,Felidhoo,-7.0032,111.3129,80.87,76,6,6.06,ID,2021-05-28 00:57:35
560,Gornoye Loo,-7.0032,111.3129,80.87,76,6,6.06,ID,2021-05-28 00:57:35
561,Lompoc,-7.0032,111.3129,80.87,76,6,6.06,ID,2021-05-28 00:57:35
562,Roseburg,-7.0032,111.3129,80.87,76,6,6.06,ID,2021-05-28 00:57:35
563,Griffin,-7.0032,111.3129,80.87,76,6,6.06,ID,2021-05-28 00:57:35
564,Goderich,-7.0032,111.3129,80.87,76,6,6.06,ID,2021-05-28 00:57:35
565,Itoman,-7.0032,111.3129,80.87,76,6,6.06,ID,2021-05-28 00:57:35
566,Noumea,-7.0032,111.3129,80.87,76,6,6.06,ID,2021-05-28 00:57:35
567,Isangel,-7.0032,111.3129,80.87,76,6,6.06,ID,2021-05-28 00:57:35
568,Santa Maria Da Vitoria,-7.0032,111.3129,80.87,76,6,6.06,ID,2021-05-28 00:57:35
569,Hrodna,-7.0032,111.3129,80.87,76,6,6.06,ID,2021-05-28 00:57:35
570,Teya,-7.0032,111.3129,80.87,76,6,6.06,ID,2021-05-28 00:57:35
571,Huarmey,-7.0032,111.3129,80.87,76,6,6.06,ID,2021-05-28 00:57:35
572,Tahe,-7.0032,111.3129,80.87,76,6,6.06,ID,2021-05-28 00:57:35
573,Prachin Buri,-7.0032,111.3129,80.87,76,6,6.06,ID,2021-05-28 00:57:35
574,Turayf,-7.0032,111.3129,80.87,76,6,6.06,ID,2021-05-28 00:57:35
575,Zhangye,-7.0032,111.3129,80.87,76,6,6.06,ID,2021-05-28 00:57:35
576,Tshikapa,-7.0032,111.3129,80.87,76,6,6.06,ID,2021-05-28 00:57:35
577,Hatsukaichi,-7.0032,111.3129,80.87,76,6,6.06,ID,2021-05-28 00:57:35
578,Kielce,-7.0032,111.3129,80.87,76,6,6.06,ID,2021-05-28 00:57:35
579,Colares,-7.0032,111.3129,80.87,76,6,6.06,ID,2021-05-28 00:57:35
580,Mindelo,-7.0032,111.3129,80.87,76,6,6.06,ID,2021-05-28 00:57:35
581,Labutta,-7.0032,111.3129,80.87,76,6,6.06,ID,2021-05-28 00:57:35
582,Hassleholm,-7.0032,111.3129,80.87,76,6,6.06,ID,2021-05-28 00:57:35
583,Jaumave,-7.0032,111.3129,80.87,76,6,6.06,ID,2021-05-28 00:57:35
584,Kyren,-7.0032,111.3129,80.87,76,6,6.06,ID,2021-05-28 00:57:35
585,Dicabisagan,-7.0032,111.3129,80.87,76,6,6.06,ID,2021-05-28 00:57:35
586,Kushima,-7.0032,111.3129,80.87,76,6,6.06,ID,2021-05-28 00:57:35
587,Puerto Del Rosario,-7.0032,111.3129,80.87,76,6,6.06,ID,2021-05-28 00:57:35
588,Alberton,-7.0032,111.3129,80.87,76,6,6.06,ID,2021-05-28 00:57:35
589,Kirakira,-7.0032,111.3129,80.87,76,6,6.06,ID,2021-05-28 00:57:35
590,Abu Samrah,-7.0032,111.3129,80.87,76,6,6.06,ID,2021-05-28 00:57:35
591,Ascona,-7.0032,111.3129,80.87,76,6,6.06,ID,2021-05-28 00:57:35
592,Vallenar,-7.0032,111.3129,80.87,76,6,6.06,ID,2021-05-28 00:57:35
593,Mastic Beach,-7.0032,111.3129,80.87,76,6,6.06,ID,2021-05-28 00:57:35
594,Itarema,-7.0032,111.3129,80.87,76,6,6.06,ID,2021-05-28 00:57:35
595,Santa Isabel,-7.0032,111.3129,80.87,76,6,6.06,ID,2021-05-28 00:57:35
596,Neftekumsk,-7.0032,111.3129,80.87,76,6,6.06,ID,2021-05-28 00:57:35
597,Hopfgarten,-7.0032,111.3129,80.87,76,6,6.06,ID,2021-05-28 00:57:35
598,Butterworth,-7.0032,111.3129,80.87,76,6,6.06,ID,2021-05-28 00:57:35
